{"cameraMode":{"drawMode":0,"name":"Shaded","section":"Shading Mode"},"sceneLighting":true,"audioPlay":false,"sceneViewState":{"showFog":true,"showMaterialUpdate":false,"showSkybox":true,"showFlares":true,"showImageEffects":true,"showParticleSystems":true,"showVisualEffectGraphs":true,"m_FxEnabled":true},"in2DMode":false,"pivot":{"x":2.3224189281463625,"y":4.270805835723877,"z":-3.3873071670532228},"rotation":{"x":-0.19663724303245545,"y":-0.059674330055713657,"z":0.011975806206464768,"w":-0.9785391092300415},"size":3.9073946475982668,"orthographic":false}